"","y1","y2","y3","y4","y5","precio_median","SKU","G18","G1901","G0802","plata2_","plata3","plata4","seller"
"1",2,7,11,7.6,6.92,28990,173,0,0,1,44521.0084033613,158764.705882353,250327.731092437,1
"2",3,21,15,19,14,49990,297,0,0,0,159638.655462185,848109.243697479,712327.731092437,2
"4",6.33333333333333,3,14,12,7,26990,222,0,0,1,125991.596638655,54596.6386554622,284739.495798319,4
"5",1,9,8.6,10.15,7.4375,24900,101,0,0,1,19243.6974789916,187478.991596639,153394.957983193,5
"6",15,15,22.4,22.08,22,14990,303,0,0,0,185834.733893557,189739.495798319,282486.274509804,6
"7",2,12,4,6,3,279990,7,0,0,0,554621.848739496,4991596.63865546,1109243.69747899,7
"9",2,16,8,22,22,165990,109,0,0,0,487394.957983193,3096638.65546218,1584033.61344538,9
"10",3,8,8,9,11.4,29000,36,0,0,0,1e+05,208403.361344538,232605.042016807,10
"11",5,15,27,26.6,28.92,29990,99,0,0,0,91554.6218487395,294831.932773109,601453.781512605,11
"12",5,17,17.8,34,22.96,39900,154,0,0,0,110882.352941176,368920.168067227,384468.067226891,12
"13",5,12,8,7,0.1,24900,3,0,0,0,104621.848739496,251092.43697479,158991.596638655,13
"14",3,2,13,11.4,13.28,62990,643,0,0,0,273067.226890756,54605.0420168067,823117.647058824,14
"15",4,4,5.66666666666667,4.88888888888889,1,15990,24,0,0,0,58789.9159663866,58789.9159663866,83700.2801120448,15
"16",1,31.3333333333333,17,72,131,59990,333,0,1,1,9235.29411764706,975876.75070028,470445.378151261,16
"17",40,16.25,13.05,10.46,4,16900,32,0,0,0,841680.672268908,344894.957983193,273231.092436975,17
"18",17,6,23.2,31,32.04,8990,225,0,0,0,133436.974789916,59613.4453781513,219949.579831933,18
"20",7.33333333333333,6.58333333333333,6,5,8,24990,152,0,0,0,110302.521008403,104006.302521008,80621.8487394958,20
"21",2,10,33,52,71,17990,885,0,0,1,29823.5294117647,159235.294117647,575571.428571429,21
"22",5,9,19,21.8,18.56,99990,133,0,0,0,285672.268907563,403285.714285714,1331773.1092437,22
"23",12.3333333333333,9,25,17,18,12900,98,0,0,0,124565.826330532,103361.344537815,245294.117647059,23
"24",13,20.5,18.9,22,20.58,39990,40,0,1,0,386411.764705882,532357.142857143,490357.142857143,24
"25",4,5.66666666666667,12,9.5,11.1,7990,1009,0,0,0,15857.1428571429,22011.2044817927,46823.5294117647,25
"26",2,4,6.8,8.96,10,29990,82,0,0,0,47042.0168067227,78957.9831932773,159929.411764706,26
"28",9,3,6,8,9,16072.5,72,0,0,1,67151.2605042017,22663.8655462185,45327.731092437,28
"29",7,4,20,36,33.2,21990,72,0,0,1,124310.924369748,70554.6218487395,349411.764705882,29
"32",8,14.75,13.95,28,6,28490,92,0,1,0,218420.168067227,357649.159663866,345555.042016807,32
"33",7,20,21.8,38,21.76,14990,56,0,0,1,148680.672268908,209058.823529412,475783.193277311,33
"34",6.66666666666667,8.41666666666667,7,18,15,42000,2880,0,0,1,335014.005602241,405182.072829132,334453.781512605,34
"35",14.3333333333333,14,3,5,5,49990,23,0,0,0,492876.75070028,470470.588235294,100815.12605042,35
"37",2,3,0.1,100,292,319990,557,0,0,0,319310.924369748,491554.62184874,0,37
"39",8.66666666666667,14,2,5,3.2,25000,29,0,0,0,159103.641456583,248739.495798319,30252.1008403361,39
"40",21,27,12,11,42.4,916490,620,0,1,0,7079638.65546218,7634109.24369748,2378050.42016807,40
"41",3,6,9.8,8.56,6.472,22000,5,0,0,0,20142.8571428571,35243.6974789916,80586.5546218487,41
"42",10,10,6.5,2,8.3,8850,126,0,0,0,54579.8319327731,54071.4285714286,58359.243697479,42
"43",13,5,20,86.8,133.36,34500,1027,1,0,1,110588.235294118,232605.042016807,126050.420168067,43
"45",41.6666666666667,43,51,47,228,24490,4,0,0,0,1220882.35294118,1583302.5210084,854058.823529412,45
"46",0.1,3,3,33,48,30990,222,0,0,0,0,94092.4369747899,81470.5882352941,46
"47",29,417,635,830,1044,30990,1,0,1,0,722327.731092437,8415957.98319328,12634025.210084,47
"48",2,7,8,11,14,164990,270,0,0,1,131075.630252101,519268.907563025,604134.453781513,48
"49",4,12,8,11,10.4,26990,246,0,1,1,137781.512605042,412487.394957983,468000,49
"50",0.1,1,2,20,41.4,62990,221,0,1,0,0,26042.0168067227,73932.7731092437,50
"51",0.1,53,98,78.8,65.96,42990,180,0,1,0,0,1521386.55462185,3077327.73109244,51
"52",5,11,11.4,10.08,59.496,41990,33,0,1,0,131050.420168067,367134.453781513,421732.773109244,52
"53",2,10,11,23,14.4,44990,3152,0,0,1,78974.7899159664,305798.319327731,522546.218487395,53
"54",1,4,14,162,45.4,71990,6418,0,0,0,168899.159663866,621815.12605042,1694000,54
"55",0.1,0.1,17,35,37.6,25990,492,0,0,1,0,0,344394.957983193,55
"57",6.66666666666667,11.1666666666667,7,22,22,67990,88,0,0,0,358767.507002801,781183.473389356,415067.226890756,57
"58",2,3,12,9.4,12.28,26990,69,0,0,1,45361.3445378151,68042.0168067227,296537.81512605,58
"59",5,10.25,11.65,21,8,99990,23,0,0,0,281470.588235294,807678.571428571,956406.302521009,59
"60",2,34,68,58,90,279990,333,0,1,0,194924.369747899,13140605.0420168,13181579.8319328,60
"61",2,19,29,36,45,29900,1715,0,0,0,26722.6890756303,402815.12605042,666890.756302521,61
"63",13,20,24,39,67.2,93000,14274,1,0,0,1999159.66386555,1430672.26890756,1876974.78991597,63
"64",5,15.25,15.85,24,29.97,19990,59,1,0,0,54579.8319327731,166468.487394958,173018.067226891,64
"66",1,2,7.2,12.24,3,24990,9,0,0,0,21000,36117.6470588235,111200,66
"68",2,16,4,7.5,7.625,99990,11,0,0,0,268890.756302521,1169394.95798319,537781.512605042,68
"69",10,20,26.6,35.32,19,99990,213,0,0,0,357865.546218487,1100487.39495798,1494415.12605042,69
"70",2,4,32.2,43.44,55,27990,1423,0,0,0,196621.848739496,462151.260504202,2697247.73109244,70
"71",6,3,7,14,13.2,13900,103,0,0,0,41966.3865546219,20142.8571428571,61268.9075630252,71
"72",3,11,2,9,5,29990,104,0,0,0,49554.6218487395,269638.655462185,42000,72
"74",27.6666666666667,33.4166666666667,37,41,47,12490,112,0,0,0,426014.005602241,496759.803921569,603756.302521008,74
"75",10,6.66666666666667,6.66666666666667,7,9.5,15990,22,0,0,0,206638.655462185,107226.890756303,117306.722689076,75
"76",52,65.5,61.3,44,27,6990,320,0,0,0,262420.168067227,354457.983193277,340708.403361345,76
"77",2,30,14.4,18.88,16.256,14990,317,1,0,1,28554.6218487395,419915.966386555,203576.470588235,77
"78",16,39,64,75,53,35575,90,0,0,0,447773.109243697,1447689.07563025,1893361.34453782,78
"79",12,28,36.2,80,33.84,18900,774,0,1,0,727630.25210084,1701445.37815126,1652710.92436975,79
"80",6,12,11.8,14.36,19,18990,47,0,0,0,133680.672268908,304033.613445378,335289.075630252,80
"81",13,31.75,33.15,28,26,21990,1003,0,0,1,294848.739495798,625771.008403361,616011.344537815,81
"82",3,4,2,15,6,699990,146,0,0,0,3129162.46498599,3621815.12605042,2345529.41176471,82
"83",7,5.75,7,6,4,29990,49,0,0,0,333784.31372549,239290.616246499,494042.016806723,83
"84",3,7.5,9.83333333333333,5,1,72990,121,0,0,0,240679.411764706,906836.029411765,1292019.29271709,84
"85",6,7.5,6,12,13,379000,218,0,0,0,1025770.30812325,1175770.30812325,1003361.34453782,85
"86",3,4,4,27,26.4,27990,139,1,0,0,918616.2464986,1184537.81512605,1235260.50420168,86
"87",11,78,57,41,7,8990,44,0,0,0,57470.5882352941,442571.428571429,319252.100840336,87
"88",60.3333333333333,39,141,145,151.2,15390,312,0,0,1,657946.778711485,319319.327731092,1648226.8907563,88
"89",5,5,9,10,16,21990,764,0,0,1,71386.5546218487,71386.5546218487,157050.420168067,89
"91",1,1,6,15,7,69990,31,0,0,0,50411.7647058824,168058.823529412,285663.865546219,91
"93",26,23,24,18,15,21990,191,0,0,1,80420.1680672269,106504.201680672,161126.050420168,93
"94",1,50.5,53.7,55,48,99900,5256,0,0,0,109235.294117647,1793239.49579832,1998071.42857143,94
"95",4,14,27,29.6,37.52,23990,400,0,0,0,124336.134453782,342327.731092437,669445.378151261,95
"96",159.333333333333,172.833333333333,208,127,170.4,15990,84,0,0,0,4050655.46218487,4386743.69747899,6139210.08403361,96
"97",5,4,14,10.4,14.68,8990,158,0,1,0,74747.8991596639,34420.1680672269,103689.075630252,97
"98",51.3333333333333,31,120,176,96.8,84990,387,0,0,0,1662159.66386555,1462554.62184874,3445890.75630252,98
"99",13.3333333333333,11,21,20,23,34990,263,0,0,1,360941.176470588,309991.596638655,540966.386554622,99
"100",24,35,35,17,11,15490,118,0,1,0,599563.025210084,600546.218487395,776126.050420168,100
"104",7.66666666666667,9.41666666666667,14,9,3,20190,166,0,0,0,210215.68627451,228785.014005602,238268.907563025,104
"106",4,4,4,22,41,13990,38,0,0,0,55406.162464986,53445.3781512605,62689.0756302521,106
"107",9,6,18,31.2,46,189990,328,0,1,0,4875680.67226891,2482302.5210084,8983420.16806723,107
"108",2,74.75,76.75,12,23,596878,5747,0,0,0,292100.840336134,17229443.697479,17541479.6638655,108
"110",3,21,12,17,8,58900,150,0,0,0,91344.537815126,489831.932773109,340168.067226891,110
"111",6,12,57,73,57,16990,1241,0,0,1,52050.4201680672,171327.731092437,743218.487394958,111
"112",15.3333333333333,19,11,14.6,18,18485,2,0,0,0,174084.033613445,244344.537815126,113352.941176471,112
"113",1,11,33,23.2,26.04,27400,901,0,0,0,9495.79831932773,194117.647058824,640420.168067227,113
"114",21.6666666666667,26.1666666666667,28,48.0333333333333,55.2066666666667,44990,715,0,0,1,1201498.59943978,1505032.21288515,1609008.40336134,114
"115",1,18,21,15,18.2,199990,302,0,0,0,109159.663865546,1343025.21008403,2174705.88235294,115
"116",66,28,36,19,25.6,11990,1376,0,0,0,481798.319327731,174554.62184874,423865.546218487,116
"118",13,37.25,13.65,11.98,1,139000,57,0,1,0,1408403.36134454,12922268.907563,3388722.68907563,118
"120",1,42,29.25,24.85,11,12990,280,0,0,0,14277.3109243697,571663.865546219,444346.638655462,120
"121",22,43,41.4,35,31,11990,985,0,0,1,200655.462184874,408873.949579832,394100.840336134,121
"122",2,13,151,192,293,22990,5394,1,0,1,40319.3277310924,177201.680672269,1894495.79831933,122
"123",48,141,100.8,115.36,104,16300,505,0,0,0,911966.386554622,1948310.92436975,1413090.75630252,123
"126",1,3,3,15,18,10900,27,0,0,0,4621.8487394958,19747.8991596639,25126.0504201681,126
"128",5,2,10,10,12,48900,347,0,0,0,352605.042016807,86050.4201680672,512663.865546219,128
"129",31,20.3333333333333,13,23,47.6,34990,7572,1,0,1,653521.008403361,385263.305322129,166277.31092437,129
"130",33.6666666666667,16,51.3333333333333,42.2666666666667,11,32990,284,0,0,0,794372.549019608,447747.899159664,1225333.33333333,130
"132",5.66666666666667,3,5.73333333333333,6.34666666666667,8,8490,156,0,0,0,81733.893557423,41075.6302521008,88474.5098039216,132
"133",20.3333333333333,13,12.2666666666667,12.6533333333333,11,20990,72,0,0,0,311936.414565826,261966.386554622,293880.728291317,133
"134",5,5,10.2,11.64,12.168,12900,39,0,0,0,45798.3193277311,43277.3109243698,84857.1428571429,134
"135",10.6666666666667,20.6666666666667,12,42,161,19990,19,0,0,0,170459.383753501,348698.879551821,173815.12605042,135
"136",49,140,227.2,279.84,398.808,9990,1502,0,1,1,325756.302521008,936722.68907563,1599704.20168067,136
"137",3,5,10,8,9,9990,51,0,0,0,13924.3697478992,90697.4789915967,86453.781512605,137
"138",3,16,13.2,18,12.44,13990,212,0,0,0,82747.8991596639,334722.68907563,290806.722689076,138
"139",20.6666666666667,21.9166666666667,29,25.9833333333333,27.9966666666667,49390,2854,0,0,1,487551.820728291,586616.946778711,733705.882352941,139
"140",1,4,8,22,20.4,83990,209,0,0,0,58815.1260504202,252680.672268908,397781.512605042,140
"141",3,7,6,18,1,259900,22,0,0,0,32747.8991596639,98243.6974789916,65495.7983193277,141
"142",5,7,13,9.2,11.04,58000,129,0,0,1,210084.033613445,294117.647058824,7e+05,142
"143",1,6,52,12,18,37495,186,0,0,1,8394.95798319328,1072941.17647059,1707125.21008403,143
"144",13.3333333333333,20.5833333333333,38,30,30,6990,1752,0,0,0,96229.6918767507,140706.582633053,278621.848739496,144
"145",1,61.5,88.9,142.68,175,19990,2442,0,0,1,12596.6386554622,1243542.01680672,1793520.16806723,145
"146",0.1,2,2,10,6.8,149990,83,0,1,0,0,50403.3613445378,361327.731092437,146
"149",12,40.5,7,33,22,89150,177,0,0,0,32705.8823529412,230693.277310924,139352.941176471,149
"150",1,4,5.8,8.16,7,89990,250,0,0,0,163857.142857143,365512.605042017,481463.865546218,150
"154",9,62,59,78.4,76.88,34990,1385,1,0,0,268831.932773109,1869226.8907563,1768411.76470588,154
"155",17,23,20,13,20,6990,261,0,1,0,314915.966386555,365302.521008403,245210.084033613,155
"157",1,4,13,10,15,16990,564,0,0,0,5033.61344537815,46184.8739495798,120882.352941176,157
"159",5,8.75,9.35,16.42,15,44990,215,1,1,0,273067.226890756,656413.865546218,562815.546218487,159
"161",10,19,29,9,11,205790,21,0,0,0,1794410.92436975,2442793.27731092,6626470.58823529,161
"162",15,69.25,79.65,112,123,18800,183,0,0,0,234193.277310924,1022405.46218487,1179197.05882353,162
"164",11,9,16,4,13,99990,325,0,0,0,619638.655462185,456226.890756303,567932.773109244,164
"166",2,8.25,8.65,9,7,410000,79,0,0,0,435294.117647059,1593277.31092437,1734453.78151261,166
"167",30,153,248,440.6,308.92,39990,10033,1,0,1,772840.336134454,4484899.15966387,7740302.5210084,167
"168",112,174,161,107,276,14990,5731,1,0,1,1953680.67226891,2838840.33613445,2602815.12605042,168
"169",7,4,11,7.2,8.64,31950,225,0,0,0,134495.798319328,73210.0840336134,266588.235294118,169
"170",2,7,7,8,5,21990,195,0,0,0,20151.2605042017,215067.226890756,124315.12605042,170
"171",0.1,6,39,72,86,19990,1089,0,0,1,0,152840.336134454,850008.403361345,171
"172",1,18.6666666666667,5.66666666666667,1,1,2890000,5,0,0,0,3773109.24369748,191170868.347339,53452380.952381,172
"173",13,21,26,28,25,13990,201,0,0,1,200344.537815126,222495.798319328,234235.294117647,173
"174",9,22,22.2,24.05,24,25980,114,0,0,0,300739.495798319,688857.142857143,834055.462184874,174
"175",5,11,15,12,11,149900,62,0,0,0,352596.638655462,755453.781512605,1221655.46218487,175
"176",16.6666666666667,21,24,18,29,27990,418,0,0,1,193966.386554622,221655.462184874,307361.344537815,176
"177",4,9,8.6,15.32,13,15990,221,0,0,0,54285.7142857143,128655.462184874,136302.521008403,177
"178",14.3333333333333,14.3333333333333,16,6,11.2,13990,13,0,0,0,134613.445378151,134613.445378151,151126.050420168,178
"179",1,96,68.3333333333333,125.833333333333,11,89990,9,0,0,1,75621.8487394958,7259697.4789916,5167492.99719888,179
"180",13,26,34,65,60.6,12990,68,0,0,0,111655.462184874,226638.655462185,289630.25210084,180
"181",10.3333333333333,19.5833333333333,23,39,45,324990,155,0,0,0,1850322.12885154,3069357.84313725,3609857.14285714,181
"183",2,11,5,6.2,4.64,12990,11,0,0,0,15109.243697479,88983.1932773109,75168.0672268908,183
"184",3,23.25,32.0625,41,19,13000,1153,0,0,1,50168.0672268908,381701.680672269,507967.43697479,184
"185",3,12,8,10.8,10.56,14990,197,0,0,0,21403.3613445378,92336.1344537815,62201.6806722689,185
"186",8,8,10.4,11.48,16,47490,48,0,0,0,176403.361344538,289848.739495798,361253.781512605,186
"187",5,8.75,5.95,5.14,1,12490,5,0,0,0,39873.9495798319,85728.9915966387,53829.8319327731,187
"188",3,6,4,14,7,21990,224,0,0,1,55436.974789916,110873.949579832,73915.9663865546,188
"189",6,6,8,9,9.8,34990,6535,0,0,1,187394.957983193,168067.226890756,227689.075630252,189
"190",8,18,36,175,215,39990,1656,1,0,1,185647.058823529,379680.672268908,774470.588235294,190
"191",45.6666666666667,20,51.9333333333333,54.5866666666667,25,17990,738,0,0,0,545375.350140056,259478.991596639,701233.053221288,191
"192",52,26.75,19.35,12.82,2,17640,68,0,0,0,418554.62184874,203808.823529412,144190.336134454,192
"194",5,378,295.8,280.96,286.552,47990,1891,0,0,0,41134.4537815126,6149579.83193277,6578428.57142857,194
"195",5.66666666666667,9.66666666666667,15,17,25,14990,280,0,0,0,65773.1092436975,121411.764705882,178848.739495798,195
"197",2,12,9,4,1,46990,257,0,1,0,85697.4789915966,372151.260504202,215890.756302521,197
"198",3,26,65,97,80.8,24990,1954,1,0,1,48714.2857142857,309008.403361345,765000,198
"199",21,36,44.4,50,69,39900,1232,0,1,0,723277.31092437,1462514.70588235,1662259.24369748,199
"200",6,26,15.2,15.44,10,16990,448,0,0,1,59613.4453781513,237596.638655462,147939.495798319,200
"201",67,7,1,1,1,99000,30,0,0,0,1446084.03361345,250193.277310924,33605.0420168067,201
"202",17,21,13,8,9,299990,134,0,0,0,2285294.11764706,3568907.56302521,1966974.78991597,202
"204",5,8,4,6,4.33333333333333,39990,6,0,0,0,158781.512605042,245310.924369748,154235.294117647,204
"206",34,38.5,24,51,65,359990,59,0,0,0,6576745.09803922,7673345.93837535,4655260.50420168,206
"207",3,6.75,6.95,10,7.99,36850,22,0,1,0,60252.1008403361,217079.831932773,231214.285714286,207
"208",1,10,9.4,17,7,84000,792,1,0,0,73949.5798319328,854178.151260504,800396.638655462,208
"209",3,1,15.4,26.08,14,14990,597,0,0,0,34428.5714285714,21000,195978.319327731,209
"210",12,7,5,8,3,18990,207,0,1,0,68806.7226890756,49100.8403361345,37352.9411764706,210
"211",2,4,14,18,23,267980,353,0,1,0,526201.680672269,452067.226890756,1916672.26890756,211
"212",2,3,8,9,3,96990,237,0,0,0,168067.226890756,621848.739495798,1189075.6302521,212
"213",2,5.75,4,8.15,7.23,34990,99,0,0,0,25193.2773109244,101842.43697479,79798.3193277311,213
"214",29,28.25,15.45,11.34,1,24990,541,0,0,0,549336.134453782,570350.840336134,312979.411764706,214
"216",22,36,42.2,33.64,45,14990,5196,1,0,0,184689.075630252,302218.487394958,391403.361344538,216
"217",15,34,48,54,71,21990,55,0,0,0,243571.428571429,493731.092436975,849764.705882353,217
"218",2,4,9,16,10,16990,568,0,1,1,60487.3949579832,156252.100840336,137722.68907563,218
"219",45,29.5,27.1,19.72,14,34990,292,0,0,0,1505470.58823529,885663.865546218,861989.915966387,219
"220",115,148,166,195,144.6,19990,497,1,0,1,1417168.06722689,1792655.46218487,2280924.3697479,220
"221",31,37,35.8,39,31,36450,146,0,0,0,1153672.26890756,1498726.8907563,1352242.85714286,221
"222",3,6,7,5.2,4.44,12000,182,0,0,0,30252.1008403361,70588.2352941177,110924.369747899,222
"223",4,22,15,9,19,43990,750,1,0,1,35798.3193277311,351058.823529412,267100.840336134,223
"224",5,11,6,5,9,19990,86,0,0,1,90714.2857142857,187302.521008403,138605.042016807,224
"225",4.33333333333333,4,6,8.2,8.44,168780,63,0,0,0,109207.282913165,100806.722689076,151210.084033613,225
"227",64,60,54.4,30.08,26.496,276990,2491,0,0,0,12929918.767507,13109478.9915966,11107269.4677871,227
"228",3,4,3,13,17,139990,10,0,0,0,184848.739495798,252067.226890756,268882.352941177,228
"229",34,32.5,10,11,11,13990,189,0,0,0,286100.840336134,277836.134453782,115210.084033613,229
"231",9,11,17.2,18.04,19.448,26990,86,0,0,0,205806.722689076,244445.378151261,367583.193277311,231
"233",6,13,13,15.4,12.28,69990,38,0,0,0,609193.277310924,1145899.15966387,966277.31092437,233
"234",11.3333333333333,14,11,11,13,7500,73,0,0,0,119610.644257703,73680.6722689076,57882.3529411765,234
"235",4,5.5,5.1,5,3,19990,36,0,0,1,84000,118016.806722689,112810.084033613,235
"237",8,7,9.2,9,8.73333333333333,35700,478,0,0,1,747058.823529412,945294.117647059,1092840.33613445,237
"238",20,13,46,46,49,26990,1683,0,0,1,453613.445378151,238546.218487395,733226.890756303,238
"239",11,6,11,16,13,29990,96,0,0,1,237722.68907563,121798.319327731,241084.033613445,239
"240",2,3,11,12,11,157990,61,0,0,0,310756.302521008,466134.453781513,1864453.78151261,240
"241",4,6,5.25,5,6,29990,294,0,1,0,105008.403361345,180621.848739496,173481.092436975,241
"242",15,7,6,3.5,3,17887,98,0,0,0,171386.554621849,77661.0644257703,77051.8207282913,242
"243",1,9,14.2,20.64,23,39990,447,0,0,0,16798.3193277311,197403.361344538,360882.352941177,243
"245",3,8,4.8,4.45,4.08333333333333,229990,17,0,0,0,277285.714285714,1226806.72268908,596594.957983193,245
"247",1,1,10.3333333333333,5.66666666666667,1,525000,73,0,0,0,1722689.07563025,441176.470588235,12492997.1988796,247
"248",9,17,21,33,38.2,6500,162,0,0,0,50941.1764705882,100384.453781513,130302.521008403,248
"249",35,40,53,160.8,184.56,27990,9288,0,0,1,1114831.93277311,1259327.73109244,1671823.52941176,249
"250",67,90,102,83.8,76.76,18400,25205,0,0,0,831798.319327731,1248089.07563025,1214032.77310924,250
"251",9,7,1,5.5,2,38000,128,0,0,0,461344.537815126,246218.487394958,31932.7731092437,251
"252",1,8,26,27.6,27.12,11990,110,0,0,0,5873.94957983193,44033.6134453782,130873.949579832,252
"253",1,17.5,20,19.1,14.22,16990,10,0,0,0,15117.6470588235,240278.151260504,279078.991596639,253
"255",4.66666666666667,12.1666666666667,6,32,204,17490,16,0,0,0,61294.1176470588,158264.705882353,100773.109243697,255
"256",1,4,8,23,17,49990,50,0,0,0,42008.4033613445,168033.613445378,304134.453781513,256
"257",4,12,22.6,28.92,27,59990,23,0,0,0,100806.722689076,309983.193277311,606189.915966387,257
"258",13.3333333333333,14,12,17.8,33,414990,24,0,0,0,408252.100840336,416672.268907563,613243.697478992,258
"259",11,37,146,194.8,133.96,39990,707,0,0,0,162075.630252101,749907.56302521,2187680.67226891,259
"261",8,3,5.6,4.52,1,19900,17,0,0,0,315294.117647059,114873.949579832,181344.537815126,261
"262",44,35,46.6,55.92,61,24990,847,0,1,0,1941596.63865546,738344.537815126,1197719.32773109,262
"263",6,6,5.4,5.35,4.91666666666667,245990,41,0,0,0,1094621.8487395,949529.411764706,882418.487394958,263
"264",2,25,22,20,17,7990,760,0,0,0,6580.67226890756,59598.3193277311,70419.3277310924,264
"265",1,6.5,11.3,10,31,14490,248,0,0,0,9235.29411764706,72000,129939.495798319,265
"267",38,78.5,72.1,99.72,45,21990,6418,0,1,1,1320806.72268908,1446336.13445378,1302253.78151261,267
"268",5,13,10.4,20,9.88,49990,47,0,0,1,184831.932773109,466277.31092437,384786.554621849,268
"270",7,13.25,12.0625,6,45.75,36990,5725,0,1,0,116596.638655462,170665.966386555,153861.869747899,270
"271",5.33333333333333,7.33333333333333,2,12,26.6,21990,327,0,1,0,386509.803921569,418425.770308123,134436.974789916,271
"273",4,2,4,6,5,7990,247,0,0,1,13042.0168067227,2310.9243697479,8403.36134453782,273
"274",3,6,11.2,24,13.64,123990,3366,0,1,0,267201.680672269,505831.932773109,739023.529411765,274
"275",16,10,12.8,12.16,13,22200,341,0,0,0,209089.075630252,169816.806722689,221931.260504202,275
"276",4,38,41.2,40.64,39.968,17980,217,0,0,1,26857.1428571429,226571.428571429,255099.159663866,276
"277",92,1,79,45,16,189990,14,0,0,0,11142000,109235.294117647,7007621.8487395,277
"278",36,19,31.4,29.68,25,33990,168,0,0,0,945882.352941177,343537.81512605,680552.941176471,278
"279",4,16.5,100.7,37,424,24990,100,0,0,0,117613.445378151,430315.12605042,1699436.13445378,279
"281",12,13.25,13.85,13,12,65000,157,0,0,1,496638.655462185,477100.840336134,530042.016806723,281
"283",11.3333333333333,3,29,2,17.2,9000,83,0,0,0,161484.593837535,15966.3865546218,444957.983193277,283
"284",11,22,23.2,24.04,25.448,11990,533,0,0,0,58310.9243697479,121663.865546218,150547.899159664,284
"285",9.5,7.5,2,5,5.4,39990,24,0,0,1,139760.504201681,118225.490196078,41159.6638655462,285
"286",3,7,5,17,22,12700,165,0,0,0,29103.6414565826,68662.4649859944,47815.1260504202,286
"287",7,4,6,4.2,3.64,16490,297,0,0,0,168848.739495798,69714.2857142857,102470.588235294,287
"288",4,8.33333333333333,14,12,19,9506,721,0,0,0,103147.058823529,181763.305322129,254747.899159664,288
"290",17,63,55.8,70.76,74.912,7990,182,0,0,0,69504.2016806723,260008.403361345,226556.302521008,290
"291",4,7,3,11,15,314990,24,0,0,1,67193.2773109244,117588.235294118,50394.9579831933,291
"292",1,1,82,125,138,7990,923,0,1,0,5033.61344537815,6714.28571428571,411058.823529412,292
"293",33.3333333333333,30,23,16,54.75,14990,20,0,0,0,540862.745098039,402268.907563025,346831.932773109,293
"294",12,2,9.8,12.56,15,18990,426,0,0,0,231831.932773109,28554.6218487395,160926.050420168,294
"295",260.333333333333,429,371.466666666667,373.893333333333,320,13990,5437,1,0,1,2649380.95238095,4188361.34453782,3751524.92997199,295
"296",27,26,23.6,25,29,279990,79,0,0,0,4625865.54621849,3946678.57142857,3756416.38655462,296
"297",6,4,5,11,8.6,14000,20,0,0,0,43221.2885154062,20168.0672268908,55462.1848739496,297
"299",1,24,78,131,242,79990,2594,0,1,0,12176.4705882353,598521.008403361,2755478.99159664,299
"300",10,7,9,1,1,22900,20,0,0,1,255355.462184874,194445.378151261,244331.37254902,300
"301",11,13,4,4,16.2,9690,247,0,0,0,60042.0168067227,98142.8571428571,22487.3949579832,301
"302",1,3,31,156,216.8,27990,2637,0,1,1,84025.2100840336,176445.378151261,362731.092436975,302
"304",5,2,6.75,28.15,54.38,599990,688,0,1,0,1176428.57142857,773092.43697479,3189006.30252101,304
"305",1,6,20,20,16.8,34990,74,0,0,1,15957.9831932773,155411.764705882,504033.613445378,305
"306",64,84,84.6,87.72,60,13990,1629,0,1,0,725131.652661065,907647.05882353,982809.523809524,306
"307",2,1,9,13,15,35990,160,0,0,1,50403.3613445378,15957.9831932773,162109.243697479,307
"309",1,1,84,163.2,190.04,39990,199,0,0,0,10075.6302521008,23521.0084033613,1613882.35294118,309
"310",1,7,12,25,18,116990,36,0,0,0,16798.3193277311,251974.789915966,409075.630252101,310
"311",12,17,16.8,16,14,25990,82,0,0,1,265428.571428571,330731.092436975,332413.445378151,311
"312",7.66666666666667,10,12,13,10,29990,271,0,0,1,191532.212885154,241932.773109244,299058.823529412,312
"313",2,13,21,22,34,24990,4436,0,1,0,134436.974789916,592327.731092437,1815789.91596639,313
"314",5.66666666666667,4.91666666666667,4,5,7.2,14000,15,0,0,0,57703.081232493,48459.3837535014,48739.4957983193,314
"315",13,26,34.8,39.16,42.992,26700,113,0,0,0,195882.352941176,365462.18487395,487647.058823529,315
"316",55.6666666666667,50.9166666666667,38,44.7833333333333,53.3566666666667,9990,384,0,0,0,461414.565826331,425000.700280112,299915.966386555,316
"318",7.33333333333333,8.33333333333333,9.33333333333333,7,16,3390,7,0,0,0,47053.2212885154,51246.4985994398,53083.4733893557,318
"319",4,17,3,1,1,399990,37,0,0,0,1285680.67226891,5739352.94117647,689050.420168067,319
"320",10,5.75,6.6875,7,2,499990,418,0,1,0,4436890.75630252,3331884.45378151,3933767.33193277,320
"322",31,48,48,57,126,14990,154,0,0,0,381184.87394958,463428.571428571,545378.151260504,322
"323",1,2,15,11,11.4,28990,1225,0,0,1,25201.6806722689,29394.9579831933,288949.579831933,323
"324",117,189,105,123,94,16490,520,0,0,1,1559599.43977591,2549100.84033613,1327672.26890756,324
"325",22,50,133,52.6,56.15,14690,1427,0,0,0,524184.87394958,1331327.73109244,3943756.30252101,325
"326",4,14,12,6,2,12990,7,0,0,0,27865.5462184874,145495.798319328,103764.705882353,326
"327",4,3,23,34,16.3333333333333,24990,776,0,1,0,90722.6890756302,21840.3361344538,348033.613445378,327
"328",1,1,20,3,1,14990,5,0,0,0,12596.6386554622,12596.6386554622,184705.882352941,328
"330",5.66666666666667,6.66666666666667,9,6,5,154990,278,0,1,0,224322.128851541,284817.927170868,402445.378151261,330
"332",56,115.75,114.35,124,122.27,12490,1598,0,1,1,557806.722689076,1610310.92436975,1784929.41176471,332
"335",1,2,14,13,26,15990,33,0,0,0,15117.6470588235,5025.21008403361,282151.260504202,335
"336",5,7,7,22,16,23990,224,0,0,0,93235.2941176471,94058.8235294118,106663.865546218,336
"337",10.6666666666667,12.9166666666667,5,12,8,32000,281,0,0,1,304761.904761905,365266.106442577,134453.781512605,337
"338",2,10.75,9,19.15,17.83,15990,388,0,1,0,25193.2773109244,168762.605042017,138529.411764706,338
"339",7,3,6,7,10,32990,11,0,0,0,235235.294117647,100815.12605042,201630.25210084,339
"340",5,9.66666666666667,8.55555555555556,1,6,12945,42,0,0,0,46638.6554621849,245126.050420168,174985.994397759,340
"341",2,8,7.4,9.08,8,46495,52,0,0,0,33596.6386554622,176399.159663866,151197.478991597,341
"342",5,17.75,26.15,35,53,13390,944,0,1,0,47336.1344537815,181403.361344538,271690.756302521,342
"343",9,11,9.8,8.56,7,17940,276,0,0,0,144641.456582633,214277.31092437,152208.963585434,343
"344",1,9,6.2,6.84,6.208,15000,212,0,0,0,12521.0084033613,99495.7983193277,67428.5714285714,344
"345",47,142,437,482.8,569,20990,2740,1,0,1,857470.588235294,1693016.80672269,4793936.13445378,345
"348",1,11.75,10.75,8.3,4,38990,1072,0,0,1,25201.6806722689,296119.74789916,270918.067226891,348
"349",1,7,13,11,16,269990,1144,0,1,0,155453.781512605,764647.058823529,2138546.21848739,349
"350",5,22,40,61,612,31392,128,0,0,0,151201.680672269,554470.588235294,1215231.09243697,350
"351",5,7,6,99,146.8,24990,136,0,0,1,96876.7507002801,133554.62184874,128521.008403361,351
"352",16,31,44,27.2,22.24,38900,184,0,0,1,470588.235294118,905882.352941177,1184705.88235294,352
"353",4,23.75,28.75,30,38,339990,2336,0,0,0,1008369.74789916,7503993.69747899,9882102.94117647,353
"354",7,9,13,5,18,29990,1073,0,1,0,194058.823529412,304949.579831933,349336.134453782,354
"355",1,2,1,5,2,6990,11,0,0,0,8394.95798319328,23495.7983193277,8394.95798319328,355
"356",27,88,145.4,296.28,340,14990,11839,1,0,1,298092.43697479,917096.638655462,1530032.77310924,356
"357",2,7,6,9,22,9990,298,0,1,1,40302.5210084034,81016.8067226891,67983.1932773109,357
"358",1,12,9,3,10,179990,27,0,0,0,126042.016806723,1382235.29411765,941100.840336135,358
"359",2,8,21,17,23,19065,304,0,0,0,33210.0840336134,181092.43697479,568554.621848739,359
"361",2,4,10,9.2,7.84,32990,270,1,0,1,46201.6806722689,138621.848739496,273025.210084034,361
"362",7,21.25,19.85,22.82,19,12900,89,0,0,0,140924.369747899,342752.100840336,262869.74789916,362
"363",6,7,4,6,3.4,19990,35,0,0,0,120957.983193277,175571.428571429,61310.9243697479,363
"364",1,25.25,31.25,39.9,41,22000,428,0,1,0,6722.68907563025,467689.075630252,546475.630252101,364
"365",1,18,17,10,16,11590,54,0,0,0,2773.10924369748,104453.781512605,95210.0840336135,365
"366",15.3333333333333,13.3333333333333,24,4,13.6,19990,45,0,0,0,300711.484593838,272152.661064426,547697.478991597,366
"367",2,7,43,34,36,3990,5,0,0,0,5040.33613445378,27721.8487394958,703126.890756303,367
"369",8,18,5,3,19,12990,28,0,0,1,40268.9075630252,141025.210084034,40294.1176470588,369
"370",5,9,3,5.2,3.24,699990,54,0,0,0,1176428.57142857,2117571.42857143,705857.142857143,370
"372",6,6.25,6.05,4,4,25900,506,0,0,1,110420.168067227,124684.87394958,119676.470588235,372
"373",521.666666666667,564.916666666667,371.716666666667,416.326666666667,481,229990,59,0,1,0,86669885.1540616,95528706.5826331,74149711.6246499,373
"374",65,50,69,79,72,29990,441,1,1,1,1150680.67226891,1107899.15966387,1332983.19327731,374
"375",3,4,5,4,4,54990,118,1,0,0,130226.890756303,182319.327731092,227184.87394958,375
"376",2,6,7,10,15,9990,28,0,0,0,13428.5714285714,41966.3865546219,58764.7058823529,376
"377",5,10,7.8,7.36,8.032,29990,683,0,0,0,76428.5714285714,162941.176470588,136401.680672269,377
"379",19,5,4,6,8,159990,134,0,0,0,884294.117647059,294075.630252101,260470.588235294,379
"380",2,13,15.4,20.28,20.736,29000,13,0,0,0,38655.4621848739,243277.31092437,265176.470588235,380
"381",11,14,11,11.4,15.48,19000,26,0,0,0,82352.9411764706,83193.2773109244,77815.1260504202,381
"382",1,1.5,6,48,93.6,199990,442,0,1,0,281504.201680672,470575.630252101,69697.4789915966,382
"384",5.33333333333333,6.83333333333333,5,9,7,66900,19,0,0,0,199733.893557423,249439.775910364,167478.991596639,384
"386",2,2,6,9,2,780000,13,0,0,0,984857.142857143,1176453.78151261,2921382.35294118,386
"387",1,1,3,17,10,16990,134,0,1,0,5873.94957983193,7554.6218487395,108378.151260504,387
"390",75,198,148,168.6,110,36900,347,0,0,0,9269840.33613445,25581386.5546218,12118141.1764706,390
"391",6,14,10,12,3,28990,16,0,1,0,94067.2268907563,260352.941176471,146117.647058824,391
"392",1,9,9,11.4,11.28,16990,2288,1,0,1,6721.8487394958,59656.3025210084,123269.74789916,392
"394",2,8,5.75,5.15,2,99990,117,0,0,0,130235.294117647,688588.235294118,476527.31092437,394
"396",15,29,65,95,200,31590,117,0,0,0,262931.092436975,390576.470588235,841654.62184874,396
"397",6,19,17,11,24,69990,163,0,0,0,332722.68907563,1067050.42016807,1041857.14285714,397
"398",3,3,22,26,22.4,12990,569,0,0,1,17621.8487394958,14260.5042016807,146873.949579832,398
"399",10,3,20.75,46,12,19990,410,0,1,0,92352.9411764706,27705.8823529412,282170.168067227,399
"401",11.6666666666667,11.1666666666667,9,12,12,29990,240,0,0,1,195980.392156863,187581.232492997,151184.87394958,401
"403",2,1,24,17,12,29990,870,0,0,0,50403.3613445378,29327.731092437,466117.647058824,403
"404",13,22,20,15,8,16490,4,0,0,0,298159.663865546,638420.168067227,399831.932773109,404
"405",1,5.25,2,12,73,18990,36,0,0,0,21000,71170.1680672269,34436.974789916,405
"407",5.66666666666667,6.91666666666667,4.71666666666667,6,2,132490,30,0,1,0,390148.459383754,417654.761904762,261034.593837535,407
"408",2,12,28,59,45,12990,1736,0,0,1,100831.932773109,521680.672268908,253058.823529412,408
"411",1,3,8.4,11.28,11.336,10990,25,0,0,0,5462.18487394958,27722.6890756303,97579.8319327731,411
"413",7,6,40.4,54,69.88,24990,1524,1,0,0,116747.899159664,94907.5630252101,640668.907563025,413
"414",1,9.5,11.5,11,19,249990,110,0,0,0,268899.159663866,2152231.09243697,2502634.45378151,414
"415",7,3,4,5.8,5.96,62490,204,1,0,1,1512445.37815126,134428.571428571,323478.991596639,415
"416",9,9,8,7.2,5.64,36900,29,0,0,1,252184.87394958,222773.109243697,205210.084033613,416
"417",1,15,34.5,27.5,43,29990,1161,0,0,1,58815.1260504202,335915.966386555,1288626.05042017,417
"418",1,12,4,10,8,6000,547,0,1,1,7134.45378151261,108259.663865546,25596.6386554622,418
"419",1,21,92,128.8,164.76,16990,4343,0,1,1,12596.6386554622,264529.411764706,1317579.83193277,419
"420",4,5,9,16,16,27900,176,0,0,0,79327.731092437,101428.571428571,113277.31092437,420
"421",10,29,12,20,17,259990,580,0,1,0,2512521.00840336,7037554.62184874,2441915.96638655,421
"422",1,6,6.8,4.96,3.752,29990,69,0,0,0,10084.0336134454,98739.4957983193,172857.142857143,422
"423",8,11,15,8,11,29980,405,0,0,1,201613.445378151,277218.487394958,378025.210084034,423
"424",21,18,19.2,13.84,16.008,17990,79,0,0,0,214949.579831933,171277.31092437,221996.638655462,424
"425",10,17,20.2,20.44,28,14990,925,0,0,1,127647.058823529,216243.697478992,254196.638655462,425
"427",2,5,18.2,23.44,15,42900,112,0,0,0,67058.8235294118,175210.084033613,580568.067226891,427
"428",1,60,74,94,46,13990,327,0,0,1,5033.61344537815,735630.25210084,939697.478991597,428
"429",8,10,12.2,17.24,20,32990,17250,1,0,0,219260.504201681,274705.882352941,324574.117647059,429
"431",14,9,3,2,5.4,29990,340,0,1,0,200722.68907563,158731.092436975,69722.6890756303,431
"433",3,6,13,9.8,10.96,26990,945,1,0,1,47873.9495798319,93226.8907563025,203252.100840336,433
"435",1,4,13,19,8,22990,189,0,1,0,10915.9663865546,87344.5378151261,650344.537815126,435
"436",6,23,28,33.2,40.84,19990,203,0,0,0,36924.3697478992,168714.285714286,285445.378151261,436
"437",12,13.75,12.95,17,9,21990,64,0,0,0,188974.789915966,257027.31092437,242580.25210084,437
"438",1,7,27,26,33,56485,248,0,1,0,47890.756302521,348680.672268908,1166159.66386555,438
"439",4,14.25,8.65,10.78,12,359990,515,0,0,0,1240302.5210084,10890602.9411765,3340928.99159664,439
"440",12,4,2,10.2,13.24,35990,200,0,0,0,227563.025210084,89579.8319327731,44369.7478991597,440
"441",5,10,3,7,1,29990,155,0,0,0,45302.5210084034,231546.218487395,45302.5210084034,441
"442",2,5,8,9,11,9990,285,0,0,0,20151.2605042017,47016.8067226891,68000,442
"444",5,10.5,10.5,11.8,13,46990,76,0,0,0,106663.865546218,407336.134453782,272068.907563025,444
"445",39.3333333333333,41,57,38,65,21990,388,0,0,0,670655.462184874,645117.647058824,1041722.68907563,445
"446",7,16.25,15.45,17,6,12990,216,0,0,1,135235.294117647,203434.87394958,194534.033613445,446
"447",2,6.5,8,6.9,5.975,6990,7,0,0,0,20000,63170.1680672269,91226.8907563025,447
"448",4,7,5.5,1,8,1099990,5,0,0,0,2689042.01680672,4705823.52941177,3697432.77310924,448
"449",33,70.75,47.75,30,18,24990,700,0,0,1,703924.369747899,1493090.33613445,957656.722689076,449
"450",2,13,8.6,9.72,8,44990,673,1,0,1,75613.4453781513,441067.226890756,306650.420168067,450
"451",0.1,8.33333333333333,6.83333333333333,5,11,79990,612,1,0,0,0,41627.4509803922,53854.3417366947,451
"452",13,35,42,46,60.2,13990,57,0,0,0,130983.193277311,444168.067226891,532915.966386555,452
"454",1,44,38.4,45.6,26.5,10990,62,0,0,0,3352.94117647059,372663.865546218,360850.420168067,454
"455",2,4,9,10,7.4,139000,391,0,0,0,100504.201680672,620840.336134454,2415278.99159664,455
"456",14,47,42,37,33.8,16990,164,0,1,1,287504.201680672,847806.722689076,648129.411764706,456
"457",2,11,9.75,3,2,89990,512,0,0,1,67210.0840336134,679453.781512605,574006.302521009,457
"460",2,9,11.6,12.12,9.544,13990,5311,0,0,1,21831.9327731092,143621.848739496,280188.235294118,460
"461",1,13,8,12,6.8,13730,50,0,0,0,15117.6470588235,141907.56302521,87327.731092437,461
"462",4,17,5,5,31,15990,147,0,0,0,43663.8655462185,167924.369747899,49537.8151260504,462
"464",3,15.75,7,24.35,16.87,8490,539,0,0,0,20563.025210084,101548.319327731,37336.1344537815,464
"465",9,22,17,15,11.6,18990,34,0,0,0,272193.277310924,665361.344537815,526240.336134454,465
"466",10,14,14.6,15.52,7,29990,16,0,1,0,183092.43697479,259512.605042017,304852.100840336,466
"467",3,5,14,10,25.8,17990,43,0,0,0,40310.9243697479,94058.8235294118,241865.546218487,467
"468",6,10,11,27,16.3333333333333,13990,20,0,0,0,93210.0840336134,123445.378151261,149470.588235294,468
"469",2,1,14,42,33,36900,1769,1,0,1,83109.243697479,57983.1932773109,834537.81512605,469
"477",4,4,4,13,9,389990,211,0,0,0,907529.411764706,907529.411764706,907529.411764706,477
"479",2,5,20,10,7.4,11500,199,0,1,0,50252.1008403361,98126.0504201681,328142.857142857,479
"480",10,27,40.2,49.44,54.728,21990,165,0,0,0,266453.781512605,267588.235294118,451786.554621849,480
"481",3,4,6,10,11,21945,20,0,0,0,54596.6386554622,71394.9579831933,100789.915966387,481
"482",2,11,9.8,9.76,8.312,34900,263,0,0,0,22341.1764705882,167570.588235294,150097.647058824,482
"483",1,2,12,7,13,25990,561,0,1,1,29403.3613445378,38638.6554621849,139394.957983193,483
"484",2,2,3,48.25,48,34986,144,0,1,0,184857.142857143,12260.5042016807,71588.2352941177,484
"485",15,32,133,75.6,70.12,19990,375,0,0,0,282210.084033614,513983.193277311,1834865.54621849,485
"486",2,7,11,9,17,6990,37,0,0,0,19310.9243697479,68848.7394957983,107470.588235294,486
"487",3,5,11,2,11,26990,589,0,1,0,61319.3277310924,88193.2773109244,327638.655462185,487
"488",8,25,28,71,103,25990,247,1,1,0,130184.87394958,406512.605042017,514033.613445378,488
"489",61.3333333333333,3,50.0666666666667,12.8133333333333,3,7990,54,0,0,0,491389.355742297,40563.025210084,410326.610644258,489
"490",52,95,76,61,66,32990,371,0,0,1,1589462.18487395,2802563.02521008,2127092.43697479,490
"492",2,11,7.8,26.96,32.352,17900,41,0,1,0,21680.6722689076,132689.075630252,101206.722689076,492
"493",11,93,66,72.2,54.04,24990,376,0,1,1,343588.235294118,1806697.4789916,1461734.45378151,493
"494",1,5.33333333333333,7.58333333333333,8,6,7245,60,0,0,0,2941.17647058824,42436.974789916,55245.7983193277,494
"495",6.33333333333333,10.8333333333333,4,19,28,13500,757,0,1,0,66526.6106442577,137366.946778712,42016.8067226891,495
"496",1,19,31,32.2,39.84,34490,178,1,0,1,105798.319327731,2394705.88235294,2160134.45378151,496
"497",3,11.75,11.75,13.1,14,29990,10,0,0,0,73924.3697478992,440094.537815126,423879.411764706,497
"498",3,11,4,14,7,96990,834,0,0,0,156277.31092437,835151.260504202,214252.100840336,498
"499",1,5,10,19,16,112490,3254,0,0,0,25201.6806722689,105000,210000,499
"500",30,153,86,138,157,24990,87,0,0,1,477899.159663866,2357487.39495798,1348016.80672269,500
"501",2,7,7,15.4,14.48,23990,1121,0,0,1,26033.6134453782,92378.1512605042,90697.4789915967,501
"502",173,14,123,89.2,112.64,49990,659,0,0,0,5580882.35294118,593159.663865546,4482159.66386555,502
"503",7,23,24,31,22,9990,2161,0,1,0,117588.235294118,394760.504201681,418278.151260504,503
"504",25,22,42,26.4,27.28,12990,67,0,0,0,316537.81512605,266159.663865546,508512.605042017,504
"505",3,3,5,10,12,24990,829,0,0,1,88210.0840336135,75605.0420168067,200781.512605042,505
"506",26,64,16,54,49.6,399900,55,0,0,0,7602857.14285714,21885831.9327731,5578563.02521008,506
"508",9,15,9,17,40,15490,2,0,0,0,873403.361344538,775890.756302521,282176.470588235,508
"509",8,9,17,20.6,19,9890,211,0,1,0,111134.453781513,181873.949579832,265122.68907563,509
"510",36,19,54,92,57.2,29990,1605,1,0,0,703058.823529412,407403.361344538,1112991.59663866,510
"511",1,3,36,24,66,25990,726,0,1,0,15117.6470588235,31067.2268907563,381193.277310924,511
"512",1,12,11,15.6,19.32,12309,183,0,1,1,4193.27731092437,82252.1008403361,86462.1848739496,512
"515",2,13,8,9,10.4,24900,43,0,0,0,18319.3277310924,250336.134453782,109697.478991597,515
"518",13,13,6,3,23,48490,128,0,0,0,560394.957983193,625941.176470588,391546.218487395,518
"519",4,6,5,13.4,18.48,12990,773,0,0,0,88184.8739495798,101630.25210084,80630.2521008403,519
"520",10.6666666666667,15,14.9333333333333,14.1866666666667,8,39990,157,0,0,0,313355.742296919,445252.100840336,457185.434173669,520
"521",9,17,25.2,29.64,34.768,9900,174,0,0,0,107647.058823529,190168.067226891,295260.504201681,521
"522",67,86,47,21,19,349990,62,0,0,0,13301907.5630252,23200638.6554622,11806159.6638655,522
"523",36,71.5,75.5,76,44,12790,653,0,0,0,886974.789915967,1578760.50420168,1597785.71428571,523
"524",9,114,54,93,53,181490,120,0,0,0,489823.529411765,6984596.63865546,4043210.08403361,524
"525",10,11.75,14,16,12,11900,245,0,0,0,115316.526610644,133163.165266106,151142.857142857,525
"526",19,23,33,36,46,15990,757,1,0,0,355540.616246499,419957.983193277,621537.81512605,526
"528",1,5,5,11,20,19990,387,0,0,1,5873.94957983193,36092.4369747899,40294.1176470588,528
"529",1,2,11,15,15.6,12490,263,0,0,0,2731.09243697479,10924.3697478992,70869.7478991597,529
"530",222,369,184,236.8,233.76,414990,894,0,0,0,65325288.5154062,110279201.680672,53161478.9915966,530
"531",14.3333333333333,13,34.8666666666667,51.7733333333333,62,17500,898,0,0,1,272689.075630252,207983.193277311,831008.403361345,531
"532",8,23,57,140,223,39990,977,1,0,1,142453.781512605,356809.523809524,857756.302521009,532
"533",3,1,11,13,14.4,35990,1833,0,0,0,44075.6302521008,28899.1596638655,88815.1260504202,533
"534",23,33,19,21,24.6,21990,102,0,0,0,385487.394957983,671033.613445378,356932.773109244,534
"535",10,1,5,17,29,29990,1280,0,1,0,151201.680672269,16798.3193277311,62983.1932773109,535
"536",49.6666666666667,52.4166666666667,39.4166666666667,31,40,26490,28,0,1,0,1267001.68067227,1334035.29411765,978168.067226891,536
"538",17,19,17,20,25.2,419990,33,0,0,0,4890159.66386555,5109008.40336134,3293369.74789916,538
"539",6,17,4,8,12.6,34990,114,0,0,1,100789.915966387,239352.941176471,46193.2773109244,539
"540",7,5,4,6,3.6,12990,4921,1,0,1,136915.966386555,101638.655462185,74756.3025210084,540
"542",2,25,18.2,21.64,27.168,32990,409,0,0,1,39478.9915966387,494747.899159664,369843.697478992,542
"543",1,1,2,20,11,26990,117,0,0,1,32764.7058823529,24361.3445378151,47042.0168067227,543
"545",21,62,88,93,86,5990,14,0,0,0,105705.882352941,402689.075630252,503361.344537815,545
"547",7.33333333333333,8.33333333333333,9,9,9,14990,52,0,0,0,130420.168067227,141323.529411765,97563.025210084,547
"548",15,137,142.8,212.76,293.512,14900,6407,0,0,1,118319.327731092,632773.109243697,747105.882352941,548
"549",9,3,7.25,6,14,34990,33,0,0,0,189000,63000,152250,549
"550",18.6666666666667,19.5555555555556,13,9.25,9.3125,19990,142,1,0,0,229663.865546218,251921.568627451,122159.663865546,550
"551",13,19,14,20.8,20.76,19990,655,0,0,1,214176.470588235,287235.294117647,221731.092436975,551
"552",16,14.5,12.1,12,7,45700,10,0,1,0,475126.050420168,366722.68907563,294991.596638656,552
"553",14,28,25,26,22,8990,90,0,0,0,94000,188000,167857.142857143,553
"554",12,13,10.8,7.16,5.392,16990,103,0,0,0,196532.212885154,232647.058823529,175198.879551821,554
"556",8,21,30,20.6,20.32,87990,141,0,0,0,809176.470588235,1774596.63865546,4147596.63865546,556
"557",10,18.75,14.35,15.22,9,28990,565,0,0,0,206621.848739496,401283.613445378,320480.25210084,557
"559",4,9,1,14,23,12990,69,0,0,0,51770.3081232493,129285.714285714,9235.29411764706,559
"561",7,38,53,53,45,38990,109,0,0,0,226815.12605042,1018117.64705882,1431420.16806723,561
"562",7,30,18.4,19.08,17.496,8990,49,0,0,0,46983.1932773109,241344.537815126,155556.302521008,562
"563",8.5,3,2,4,5.4,249990,66,0,0,0,1827659.66386555,890731.092436975,462168.067226891,563
"565",8,8,14.2,20.04,22.248,19990,328,0,0,1,136067.226890756,136067.226890756,235336.134453782,565
"566",13.6666666666667,10.4166666666667,8.21666666666667,1,1,35990,469,0,0,0,307904.761904762,241230.392156863,189761.484593838,566
"567",1,12,6,8,7,18990,8,0,0,0,15957.9831932773,188134.453781513,89865.5462184874,567
"568",37,49,53,44,55,24990,629,0,1,1,901352.941176471,1214705.88235294,1378512.60504202,568
"571",24,35.5,39,68,46,29990,183,1,0,0,493910.364145658,705368.347338936,840831.932773109,571
"572",8,11,5,4,1,349000,39,0,0,0,729352.941176471,165453.781512605,79789.9159663866,572
"573",6,24,26.6,33.72,49,27900,689,0,0,1,32268.9075630252,334957.983193277,512621.848739496,573
"575",6,7.75,7.15,10.98,4,15990,241,0,0,0,592638.655462185,301523.109243697,271756.722689076,575
"576",14,8.5,5.5,4.4,1,19900,62,0,0,0,324873.949579832,199663.865546219,118100.840336134,576
"577",2.66666666666667,3,9.13333333333333,11.6266666666667,12.752,110000,31,0,0,0,86781.512605042,138613.445378151,426334.453781513,577
"578",12,9,5,4,6,15900,234,0,0,0,199067.226890756,127050.420168067,87050.4201680672,578
"579",6,6.25,9.05,7,16.81,15990,62,0,0,0,60436.974789916,54771.0084033613,78276.8907563025,579
"580",1,4,4,20.2,27.64,24990,387,0,0,0,36126.0504201681,235260.504201681,231058.823529412,580
"581",34,4,10,3,2,34990,34,0,0,0,463277.31092437,20033.6134453782,125210.084033613,581
"582",1,22,23.25,20,17,14990,1878,1,1,1,10915.9663865546,105512.605042017,103191.176470588,582
"583",35,34,41,23,32.4,82990,326,0,0,0,2786025.21008403,2962109.24369748,2806344.53781513,583
"584",9,7,6,6,11,24990,748,0,0,1,214210.084033613,185655.462184874,117596.638655462,584
"585",26,32,34,27,76.4,16390,8832,0,0,0,402162.464985994,527637.254901961,508117.647058824,585
"586",1,2,33.5,37.8333333333333,1,244990,65,0,0,0,252092.43697479,504184.87394958,3011281.51260504,586
"587",2,6,6.6,7.92,10,49990,55,0,1,0,84016.8067226891,197424.369747899,215066.386554622,587
"588",1,4,5,40,17,34990,65,0,0,1,44529.4117647059,178117.647058824,145336.134453782,588
"589",10.6666666666667,16,11,17,7,17990,2704,0,0,1,171715.406162465,240137.81512605,174205.042016807,589
"590",65,95,91,80,62,29990,388,0,0,0,948142.857142857,2741399.15966387,2679923.52941176,590
"591",15.3333333333333,18.0833333333333,10,19,37,15960,146,0,0,0,143557.422969188,180820.028011205,84789.9159663866,591
"592",1,1,9.75,14.15,12,12990,394,0,0,1,13436.974789916,13436.974789916,74271.0084033614,592
"593",21,11,19,12,10.2,11645,42,0,0,1,94899.1596638655,36462.1848739496,87731.0924369748,593
"594",1,3,9,11,6,101945,192,0,1,0,83949.5798319328,230000,784957.983193277,594
"595",1,21.25,14,23,62,29990,187,0,0,0,58815.1260504202,995405.462184874,604924.369747899,595
"596",18,10,9.8,4,3,12990,411,0,1,0,216621.848739496,163743.697478992,163748.739495798,596
"597",2,6.66666666666667,7.22222222222222,2,1,19990,134,0,0,0,16789.9159663866,67159.6638655462,75554.6218487395,597
"599",9.5,12.75,1,2,2.25,32490,8,0,0,0,158865.546218487,213214.285714286,15957.9831932773,599
"600",3,7,12,12,3,35990,28,0,0,0,56949.5798319328,144731.092436975,216705.882352941,600
"601",19,26,15,22,39,15990,2801,0,1,1,191403.361344538,361899.159663866,250697.478991597,601
"602",1,1,9,5,8,15990,328,0,1,0,29411.7647058824,29411.7647058824,198039.215686275,602
"603",12,23,38,37,34,94990,24,0,0,0,393176.470588235,840949.579831933,1134117.64705882,603
"604",1,30,2,1,3,13990,773,0,0,1,17638.6554621849,4027579.83193277,36957.9831932773,604
"605",1,6,11,6.2,5.64,8790,122,0,0,0,3857.14285714286,26756.3025210084,49403.3613445378,605
"606",6,2,6,23,22,28900,22,0,0,0,129058.823529412,36957.9831932773,166554.62184874,606
"607",2,3,12.6,15.4,6,49990,16,0,1,0,84016.8067226891,102495.798319328,245605.042016807,607
"608",3,10,26,9,11,15990,7,0,0,0,29369.7478991597,42773.1092436975,239142.857142857,608
"610",4,22,19,16,39,29990,78,0,0,0,47025.2100840336,499764.705882353,277991.596638655,610
"611",17,21,20.4,23.48,31,31990,760,0,0,0,365403.361344538,446882.352941177,444030.25210084,611
"612",1,21,26,13,12,99990,262,0,1,0,16798.3193277311,764529.411764706,823310.924369748,612
"613",46,212.75,225.55,147,193,14990,1407,0,0,0,515747.899159664,1805859.24369748,2019590.33613445,613
"614",24.3333333333333,38,17,44,49,19990,210,0,0,1,1551610.6442577,2377815.12605042,1243554.62184874,614
"615",71.3333333333333,52,174.666666666667,200.933333333333,175,29990,123,0,1,1,1851428.57142857,1447411.76470588,3828221.8487395,615
"616",9,7,7,6,8,34990,17,0,0,1,264630.25210084,205823.529411765,205823.529411765,616
"617",1,1,9,13,19,8890,40,0,0,0,5537.81512605042,6630.25210084034,57067.2268907563,617
"618",28,43,60,48,38,14990,45,0,0,0,461109.243697479,928823.529411765,1139630.25210084,618
"619",21,21.5,17.5,3,3,42990,1331,0,0,1,713268.907563025,664941.176470588,518423.529411765,619
"620",15,14,11.6,6.52,4.824,129990,78,0,0,0,202389.355742297,179697.478991597,144099.719887955,620
"621",73.3333333333333,81.5833333333333,49,34,59,72990,376,0,0,0,2648901.96078431,2906597.33893557,1763386.55462185,621
"622",1,4,13,22,57,19990,96,0,1,0,126042.016806723,36941.1764705882,168764.705882353,622
"623",1,20,35,24.6,27.52,10990,121,0,0,1,5453.78151260504,150235.294117647,289184.87394958,623
"624",2,15,12,13,19,74990,120,0,0,0,21831.9327731092,746714.285714286,2262873.94957983,624
"625",15.3333333333333,20.0833333333333,21,30,21,24990,14,0,1,0,481011.204481793,487935.574229692,442647.058823529,625
"629",25.6666666666667,24.1666666666667,20.5666666666667,2,48,39990,46,0,1,0,764450.980392157,739257.703081232,608208.963585434,629
"630",4,14,14.75,16,9,39990,15,0,0,0,89882.3529411765,580834.733893557,587761.204481793,630
"631",52.3333333333333,70.5833333333333,72,105,95,23990,244,0,1,1,816971.988795518,1159562.32492997,1234672.26890756,631
"632",7.66666666666667,14,4,3,5,13990,222,1,0,1,96574.2296918768,176352.941176471,50386.5546218487,632
"633",6,41,31.5,29,5,9990,556,0,1,0,41126.0504201681,214719.887955182,157467.787114846,633
"634",3,8,7,21,30,62990,262,0,0,0,62591.0364145658,190280.112044818,163487.394957983,634
"635",12,21.75,25.55,17,32,16990,301,0,0,1,176352.941176471,311866.596638656,361639.705882353,635
"636",4,6,6,6,1,39990,117,0,0,0,150386.554621849,136084.033613445,136084.033613445,636
"637",2,11,10,9.8,6,60990,83,0,0,0,96621.8487394958,539199.579831933,507439.915966387,637
"638",5,53,196,117,150,49990,9827,1,0,0,201470.588235294,1675932.77310924,5047084.03361345,638
"639",7,4,12,13,13.6,48990,31,0,0,0,352042.016806723,180638.655462185,509983.193277311,639
"640",2,9,17.75,23.15,34,36990,1217,1,0,0,75613.4453781513,165470.588235294,348800.420168067,640
"641",12,5,12,6,5,35990,281,0,0,0,88924.3697478992,53739.4957983193,169546.218487395,641
"642",2,6.5,6.3,11,1,18990,204,0,0,0,26873.9495798319,141542.016806723,138854.62184874,642
"645",2,9,14,16,13,11990,207,0,1,1,14268.9075630252,64596.6386554622,164571.428571429,645
"646",2,8,13,4,10,12970,338,0,1,0,17645.3781512605,121840.336134454,439449.579831933,646
"647",14,13,6,15,6,67656,167,0,0,0,949008.403361345,1164815.12605042,323201.680672269,647
"648",104,78,59,49,25,32000,263,0,0,1,1045176.47058824,1128705.88235294,781842.016806723,648
"650",7.33333333333333,5.08333333333333,5,2,14.5,149990,14,0,0,0,766044.817927171,541273.80952381,525168.067226891,650
"652",46.3333333333333,64,47.8666666666667,38.9733333333333,34.168,32990,1478,0,0,1,644845.93837535,953924.369747899,676841.456582633,652
"653",22,35,9,29,44,36990,60,0,0,0,395159.663865546,668378.151260504,166848.739495798,653
"654",11,8.25,7.5625,12,1,6525,16,0,0,0,434873.949579832,178676.470588235,114627.100840336,654
"658",7,3,6,7,6,13990,170,0,0,1,83134.4537815126,36109.243697479,68857.1428571429,658
"659",3,18,7,21,4,39990,120,0,1,1,83991.5966386555,279159.663865546,89857.1428571429,659
"661",4,16,26,12,19,16190,2611,1,1,1,47865.5462184874,261983.193277311,415411.764705882,661
"662",3,27,20,22,25,51990,154,0,0,0,56277.3109243697,767403.361344538,529243.697478992,662
"663",26,20,38,68,30,176990,94,0,0,0,2208126.05042017,1285890.75630252,4434806.72268908,663
"665",3,8,3,8,9,31990,38,0,0,1,12352.9411764706,166840.336134454,89050.4201680672,665
"666",13,19,15,30,53,39990,227,0,0,0,381403.361344538,613285.714285714,435168.067226891,666
"668",24,4,62,200,209.8,20990,1454,0,1,0,296823.529411765,35260.5042016807,809462.18487395,668
"669",1,3,4,25,10,38990,319,0,1,0,42008.4033613445,126025.210084034,151226.890756303,669
"671",15,13,18.6,17.12,24,789990,79,0,0,0,7003213.44537815,7369487.39495798,7516740.16806723,671
"672",8,8.5,9,3,11,29990,1693,0,0,1,221781.512605042,234382.352941177,249504.201680672,672
"673",7.33333333333333,6,13,12,15,28990,1360,1,0,0,173607.843137255,141126.050420168,311655.462184874,673
"674",1,4,5,7.25,9,8790,337,1,0,0,5453.78151260504,21815.1260504202,27268.9075630252,674
"675",1,15.75,15.15,25,11,12990,1254,0,0,0,9243.6974789916,198376.050420168,188460.084033613,675
"677",13,2,7.4,7.08,9,24900,1525,0,0,0,308907.56302521,32605.0420168067,156689.075630252,677
"678",8,21,8.2,7.84,2,19990,18,0,0,0,186487.394957983,603991.596638656,210680.672268908,678
"680",8,8.25,6,2,2,26990,28,0,0,0,140829.131652661,144398.459383753,94907.5630252101,680
"681",6,15,24,27,30,18990,917,0,0,0,75579.8319327731,230126.050420168,357781.512605042,681
"682",13,31,23,60,54,14990,470,0,0,1,130983.193277311,390478.991596639,299806.722689076,682
"683",17,48,73,81,133,269990,4117,0,0,0,1614142.85714286,5220554.62184874,6809436.97478992,683
"684",6,7,12,10,6,44990,63,0,0,0,100789.915966387,151184.87394958,201579.831932773,684
"685",8,14,9,6,6,99990,63,0,0,0,252033.613445378,716689.075630252,346142.857142857,685
"686",17.6666666666667,13,25.5333333333333,23.1066666666667,20.728,95900,743,0,0,0,1064341.73669468,763613.445378151,1578246.49859944,686
"688",2,5,36,22,19,67990,219,0,0,0,36941.1764705882,56260.5042016807,3116907.56302521,688
"689",22.3333333333333,15,33.8666666666667,46.9733333333333,83.968,22990,682,0,1,1,749341.736694678,413319.327731092,1098464.9859944,689
"690",13.3333333333333,15,11.8666666666667,8.77333333333333,5.528,25990,36,1,0,0,320324.929971989,371285.714285714,282468.347338936,690
"691",5,2,9,6,11,10990,692,0,0,0,74988.7955182073,20991.5966386555,160327.731092437,691
"692",4,15.5,22,18.3,18.46,28490,170,0,1,0,73075.6302521008,366029.411764706,562789.915966387,692
"693",10.3333333333333,7.33333333333333,6.93333333333333,4,3,89990,248,0,0,0,1575537.81512605,970941.176470588,1011284.03361345,693
"694",3,5,13.25,10.65,9.38,79490,110,0,0,0,2142831.93277311,3399140.33613445,11004478.3613445,694
"695",3,7,2,9,5,34990,1444,1,0,0,63000,158764.705882353,21831.9327731092,695
"696",4.66666666666667,6.16666666666667,6,8.83333333333333,8.96666666666667,68990,659,0,0,1,241904.761904762,286740.896358543,297092.43697479,696
"697",13.6666666666667,24.4166666666667,39.2166666666667,46,80,19990,51,0,1,0,157509.803921569,264490.896358543,431516.106442577,697
"698",2,7.5,6.625,6.04166666666667,2,19990,76,0,0,0,27714.2857142857,106764.705882353,95348.7394957983,698
"699",2,1,5,23,18,385984,2394,0,0,0,271932.773109244,76386.5546218487,817058.823529412,699
"700",3,5.5,7.1,7.52,8.124,25990,333,0,0,1,28546.218487395,46798.3193277311,71803.3613445378,700
"701",1,5.25,5.8125,5.765625,4,28990,30,0,1,0,42848.7394957983,290502.100840336,328049.894957983,701
"702",15,13,5,14,15,154495,8,0,0,0,1528966.38655462,1224815.12605042,486294.117647059,702
"703",4,9,6,15,27,169990,108,0,1,0,352890.756302521,634378.151260504,445327.731092437,703
"704",2,2,8,20,18,27790,271,0,1,0,35529.4117647059,28974.7899159664,176302.521008403,704
"707",1,12,17.2,19.04,18.448,70490,10,0,0,0,12596.6386554622,213344.537815126,329589.915966387,707
"708",2,2,7,20,13,15490,60,0,0,0,38563.025210084,63831.9327731092,63798.3193277311,708
"709",5,9,5,18,40,18990,982,0,0,0,50714.2857142857,93537.8151260504,36092.4369747899,709
"710",19,29,26.2,27.84,29,29500,1284,0,0,1,201613.445378151,252512.605042017,237141.176470588,710
"711",48,78,111.2,133.64,151,19990,314,0,0,1,629848.739495798,1106016.80672269,1522910.92436975,711
"712",1,28,103,133,163.2,17990,559,0,0,1,9655.46218487395,426168.067226891,2662949.57983193,712
"713",9.33333333333333,23.3333333333333,20,57,41,17800,1387,0,0,0,88145.6582633053,233742.296918768,196436.974789916,713
"714",28.6666666666667,39.6666666666667,46,50,29,16900,745,0,0,0,548375.350140056,797261.904761905,773865.546218487,714
"716",9,22,26,50,30,10990,780,0,0,0,156226.890756303,197294.117647059,224151.260504202,716
"717",56,211.5,192.5,37,26,74990,5203,1,0,1,2638168.06722689,10578432.9831933,9710770.96638655,717
"718",6,1,5.8,7.76,3,22490,14,0,0,1,133563.025210084,31084.0336134454,165258.823529412,718
"720",55,68.25,57.65,56.38,45,19990,617,1,0,1,846025.210084034,1078476.8907563,957218.067226891,720
"721",8,11,15,10,10.6,44900,189,0,0,0,436134.453781513,631176.470588235,976554.62184874,721
"723",5.33333333333333,5,5.66666666666667,5.93333333333333,3,575200,1302,0,0,0,639215.68627451,541764.705882353,765490.196078431,723
"724",9,20,8,5,2,32990,30,1,0,0,226815.12605042,504033.613445378,201613.445378151,724
"725",9,14.75,13.35,20,9,67990,4143,1,0,0,450344.537815126,767733.193277311,695307.983193277,725
"726",311.333333333333,333,437,758,429.4,179990,80,0,1,0,43679831.9327731,67622663.8655462,47301016.8067227,726
"727",2,11,14,18,19,21990,364,0,0,1,55445.3781512605,246126.050420168,263747.899159664,727
"728",2,11.5,11.7,18,9,62990,560,1,0,0,55378.1512605042,352550.420168067,354047.899159664,728
"729",4,19,18.6,26.72,28,54990,2236,1,0,1,188201.680672269,820848.739495798,816314.285714286,729
"730",3,2,25.3333333333333,40.8333333333333,41.8333333333333,28990,663,0,0,1,60478.9915966387,58806.7226890756,642324.929971989,730
"731",131,93,75.6,65.12,35,33900,1371,0,0,0,3013109.24369748,2272415.96638655,1823760.50420168,731
"733",3,10,28,27,21,70990,77,0,0,0,58798.3193277311,446134.453781513,1003058.82352941,733
"734",2,6,6,6.6,8,6490,6,0,0,0,16773.1092436975,83865.5462184874,63737.8151260504,734
"735",106.666666666667,101,97.3333333333333,90.6666666666667,49,10790,324,0,0,0,958869.18767507,994617.647058824,1104559.21568627,735
"736",1,12,8,9,2,474990,17,0,0,0,319243.697478992,3553109.24369748,2368907.56302521,736
"737",132,44,8,18,25,12990,307,0,0,1,1948756.30252101,790151.260504202,60151.2605042017,737
"738",3,1,5.2,2.24,5.288,34990,1612,1,0,1,93252.1008403361,42008.4033613445,88695.7983193277,738
"739",9,15,74,53.6,103.92,18990,4641,0,0,0,164201.680672269,256638.655462185,1188058.82352941,739
"740",7,18,13,16,19,9990,362,1,0,0,111705.882352941,287243.697478992,239369.74789916,740
"741",65.6666666666667,59.6666666666667,56.4666666666667,49,72,24990,1190,0,0,1,948170.868347339,849263.305322129,796688.515406162,741
"742",29,216,310,152,5,399990,283,0,0,0,4453537.81512605,52771277.3109244,87476369.7478992,742
"744",5,16,15,25.4,18,12990,263,0,0,1,48697.4789915966,160336.134453782,152300.840336134,744
"745",4,5.75,4.55,3.86,1,49090,67,0,0,0,179126.050420168,234657.56302521,182113.025210084,745
"746",3,9,34,29,40,12990,12832,1,0,1,20983.1932773109,93201.6806722689,542571.428571429,746
"748",1,5,16,22,40,13990,75,0,0,0,6638.65546218487,83840.3361344538,281915.966386555,748
"749",239,1426,2103.8,3678,4148,15990,4433,1,0,1,2917268.90756303,18072936.9747899,26686457.9831933,749
"750",2,5.75,6.9375,18,4,115990,47,0,0,0,206705.882352941,2146611.34453782,2657425.94537815,750
"751",50.3333333333333,27,98,145,101.2,25990,694,0,0,0,1509604.48179272,384752.100840336,3602372.26890756,751
"752",12,1,14,5,4,184945,1284,0,0,0,4530689.07563025,152092.43697479,3612218.48739496,752
"755",32,105,119,173,147.6,14990,727,0,0,0,613882.352941177,1298949.57983193,1562563.02521008,755
"756",2,20,46,5,26,49990,472,0,0,1,63008.4033613445,743529.411764706,1712991.59663866,756
"758",5,31,32,4,2,18390,75,0,0,0,118344.537815126,816894.957983193,849922.969187675,758
"761",3,14.25,26.45,29,72,21900,1089,0,0,1,64453.781512605,310460.084033613,547922.268907563,761
"762",6,15,4,15,8,85990,793,0,0,0,809983.193277311,4446546.21848739,470521.008403361,762
"764",13,169,261,235,271.2,8490,4244,1,0,1,110630.25210084,1072411.76470588,1435504.20168067,764
"765",7,18,21,29.6,31.92,12990,32,0,0,0,87336.1344537815,246873.949579832,278815.12605042,765
"766",1,20.3333333333333,11.6666666666667,1,2.5,999990,83,0,0,0,756294.117647059,44151050.4201681,23441058.8235294,766
"767",1179,1581.5,1723.1,1893,2145,29990,21846,0,0,1,12796569.4677871,16710391.1064426,18490500.0140056,767
"768",9,36,58,28,65,10690,1133,0,0,0,74714.2857142857,283428.571428571,425411.764705882,768
"770",3.5,6,30,97,140,84990,10764,1,0,0,198920.168067227,307932.773109244,1017815.12605042,770
"771",149,277,268,305,293.6,23990,378,0,0,1,4317487.39495798,4120663.86554622,4644302.5210084,771
"772",152,197,203,206.2,169.84,16890,773,0,0,1,2410268.90756303,3106764.70588235,3120294.11764706,772
"773",7,11,2,6,7,9900,1032,0,0,0,130252.100840336,99831.9327731092,44621.8487394958,773
"774",7,8,7.2,6.64,6.968,11300,270,0,0,1,38879.5518207283,36554.6218487395,41658.2633053221,774
"775",20.3333333333333,21.3333333333333,10.1333333333333,9.49333333333333,1,249085,232,0,0,0,4047165.26610644,4247577.03081233,1987504.76190476,775
"776",9,60,89,121,168,549990,398,0,1,0,369672.268907563,8600336.13445378,11427773.1092437,776
"777",3,2,19.25,39,34,789990,122,0,0,0,2176445.37815126,1445361.34453782,112704758.403361,777
"778",7,10,9,20,40,39990,11188,0,0,1,234383.753501401,346117.647058824,303268.907563025,778
"779",2,15,11,14,15.2,18990,115,0,0,0,26033.6134453782,206579.831932773,146290.756302521,779
"780",4,11,9,3,8,26990,64,0,0,1,90722.6890756303,249487.394957983,204126.050420168,780
"781",77,2,130,327,503.8,19990,31092,1,0,1,1449756.30252101,29394.9579831933,2101428.57142857,781
"782",1,15,12.75,10.9375,1,36980,127,0,0,0,14277.3109243697,273316.526610644,237306.022408964,782
"783",2,18,13,20,14,37990,215,0,0,0,45361.3445378151,429260.504201681,488109.243697479,783
"784",56,49,25,32,29.8,32990,2889,1,0,1,1423899.15966387,1239924.3697479,636764.705882353,784
"785",90.6666666666667,119.416666666667,144.616666666667,155,215,34990,34008,1,0,1,1812089.63585434,2274142.15686275,2708972.40896359,785
"786",3,10,22,13,15.8,59990,1221,0,0,1,160478.991596639,560258.823529412,947317.647058823,786
"788",1,20.3333333333333,17.3333333333333,18,24,23000,115,0,0,0,40336.1344537815,432492.99719888,338165.266106443,788
"789",4.66666666666667,6,10.7333333333333,13.5466666666667,16,21990,530,0,0,1,111753.50140056,120453.781512605,250133.893557423,789
"790",1,7,6.6,6.92,4,153940,146,0,0,0,6268.90756302521,103193.277310924,80692.4369747899,790
"791",1,6,14,24,140,9999,453,0,0,0,5461.34453781513,61255.462184874,216707.56302521,791
"792",2,5,7,11,2,69990,5,0,0,0,109226.890756303,403302.521008403,352882.352941176,792
"794",1,14,9,21,15.6,16672.5,376,0,0,0,5739.49579831933,103131.932773109,70936.974789916,794
"795",10.3333333333333,9,21,14,12,56990,446,0,0,0,621761.904761905,504126.050420168,1298142.85714286,795
"796",14.5,10.75,3.5,2,2.33333333333333,79990,124,0,0,0,4579710.08403361,3172178.57142857,1777256.30252101,796
"802",4,7.75,3,7.55,4.51,6990,26,0,0,0,27697.4789915966,50233.1932773109,20563.025210084,802
"803",10.3333333333333,10.5833333333333,12,6,15,19990,27,0,0,0,212232.492997199,226095.93837535,251983.193277311,803
